<?xml version="1.0" encoding="UTF-8"?>
<!DOCTYPE hibernate-configuration PUBLIC
    "-//Hibernate/Hibernate Configuration DTD//EN"
    "http://www.hibernate.org/dtd/hibernate-configuration-3.0.dtd">

<hibernate-configuration>
  <session-factory>
    <property name="hibernate.connection.driver_class">com.mysql.cj.jdbc.Driver</property>
    <property name="hibernate.connection.url">jdbc:mysql://localhost:3306/funix_project</property>
    <property name="hibernate.connection.username">root</property>
    <property name="hibernate.connection.password">thuyduong056</property>
    <property name="hibernate.dialect">org.hibernate.dialect.MySQLDialect</property>
    
    <!-- DB schema will be updated if needed -->
        <property name="hbm2ddl.auto">update</property>
        <property name="show_sql">false</property>
        <property name="format_sql">false</property>

        <mapping class="com.nttduong.matchingme.model.User"></mapping>
    	
    
  </session-factory>
</hibernate-configuration>